categoryId,country_code,title,etag
1,CA,Film & Animation,"""ld9biNPKjAjgjV7EZ4EKeEGrhao/Xy1mB4_yLrHy_BmKmPBggty2mZQ"""
2,CA,Autos & Vehicles,"""ld9biNPKjAjgjV7EZ4EKeEGrhao/UZ1oLIIz2dxIhO45ZTFR3a3NyTA"""
10,CA,Music,"""ld9biNPKjAjgjV7EZ4EKeEGrhao/nqRIq97-xe5XRZTxbknKFVe5Lmg"""
15,CA,Pets & Animals,"""ld9biNPKjAjgjV7EZ4EKeEGrhao/HwXKamM1Q20q9BN-oBJavSGkfDI"""
17,CA,Sports,"""ld9biNPKjAjgjV7EZ4EKeEGrhao/9GQMSRjrZdHeb1OEM1XVQ9zbGec"""
18,CA,Short Movies,"""ld9biNPKjAjgjV7EZ4EKeEGrhao/FJwVpGCVZ1yiJrqZbpqe68Sy_OE"""
19,CA,Travel & Events,"""ld9biNPKjAjgjV7EZ4EKeEGrhao/M-3iD9dwK7YJCafRf_DkLN8CouA"""
20,CA,Gaming,"""ld9biNPKjAjgjV7EZ4EKeEGrhao/WmA0qYEfjWsAoyJFSw2zinhn2wM"""
21,CA,Videoblogging,"""ld9biNPKjAjgjV7EZ4EKeEGrhao/EapFaGYG7K0StIXVf8aba249tdM"""
22,CA,People & Blogs,"""ld9biNPKjAjgjV7EZ4EKeEGrhao/xId8RX7vRN8rqkbYZbNIytUQDRo"""
23,CA,Comedy,"""ld9biNPKjAjgjV7EZ4EKeEGrhao/G9LHzQmx44rX2S5yaga_Aqtwz8M"""
24,CA,Entertainment,"""ld9biNPKjAjgjV7EZ4EKeEGrhao/UVB9oxX2Bvqa_w_y3vXSLVK5E_s"""
25,CA,News & Politics,"""ld9biNPKjAjgjV7EZ4EKeEGrhao/QiLK0ZIrFoORdk_g2l_XR_ECjDc"""
26,CA,Howto & Style,"""ld9biNPKjAjgjV7EZ4EKeEGrhao/r6Ck6Z0_L0rG37VJQR200SGNA_w"""
27,CA,Education,"""ld9biNPKjAjgjV7EZ4EKeEGrhao/EoYkczo9I3RCf96RveKTOgOPkUM"""
28,CA,Science & Technology,"""ld9biNPKjAjgjV7EZ4EKeEGrhao/w5HjcTD82G_XA3xBctS30zS-JpQ"""
30,CA,Movies,"""ld9biNPKjAjgjV7EZ4EKeEGrhao/lL7uWDr_071CHxifjYG1tJrp4Uo"""
31,CA,Anime/Animation,"""ld9biNPKjAjgjV7EZ4EKeEGrhao/WnuVfjO-PyFLO7NTRQIbrGE62nk"""
32,CA,Action/Adventure,"""ld9biNPKjAjgjV7EZ4EKeEGrhao/ctpH2hGA_UZ3volJT_FTlOg9M00"""
33,CA,Classics,"""ld9biNPKjAjgjV7EZ4EKeEGrhao/L0kR3-g1BAo5UD1PLVbQ7LkkDtQ"""
34,CA,Comedy,"""ld9biNPKjAjgjV7EZ4EKeEGrhao/pUZOAC_s9sfiwar639qr_wAB-aI"""
35,CA,Documentary,"""ld9biNPKjAjgjV7EZ4EKeEGrhao/Xb5JLhtyNRN3AQq021Ds-OV50Jk"""
36,CA,Drama,"""ld9biNPKjAjgjV7EZ4EKeEGrhao/u8WXzF4HIhtEi805__sqjuA4lEk"""
37,CA,Family,"""ld9biNPKjAjgjV7EZ4EKeEGrhao/D04PP4Gr7wc4IV_O9G66Z4A8KWQ"""
38,CA,Foreign,"""ld9biNPKjAjgjV7EZ4EKeEGrhao/i5-_AceGXQCEEMWU0V8CcQm_vLQ"""
39,CA,Horror,"""ld9biNPKjAjgjV7EZ4EKeEGrhao/rtlxd0zOixA9QHdIZB26-St5qgQ"""
40,CA,Sci-Fi/Fantasy,"""ld9biNPKjAjgjV7EZ4EKeEGrhao/N1TrDFLRppxZgBowCJfJCvh0Dpg"""
41,CA,Thriller,"""ld9biNPKjAjgjV7EZ4EKeEGrhao/7UMGi6zRySqXopr_rv4sZq6Za2E"""
42,CA,Shorts,"""ld9biNPKjAjgjV7EZ4EKeEGrhao/RScXhi324h8usyIetreAVb-uKeM"""
43,CA,Shows,"""ld9biNPKjAjgjV7EZ4EKeEGrhao/0n9MJVCDLpA8q7aiGVrFsuFsd0A"""
44,CA,Trailers,"""ld9biNPKjAjgjV7EZ4EKeEGrhao/x5NxSf5fz8hn4loSN4rvhwzD_pY"""
1,DE,Film & Animation,"""ld9biNPKjAjgjV7EZ4EKeEGrhao/Xy1mB4_yLrHy_BmKmPBggty2mZQ"""
2,DE,Autos & Vehicles,"""ld9biNPKjAjgjV7EZ4EKeEGrhao/UZ1oLIIz2dxIhO45ZTFR3a3NyTA"""
10,DE,Music,"""ld9biNPKjAjgjV7EZ4EKeEGrhao/nqRIq97-xe5XRZTxbknKFVe5Lmg"""
15,DE,Pets & Animals,"""ld9biNPKjAjgjV7EZ4EKeEGrhao/HwXKamM1Q20q9BN-oBJavSGkfDI"""
17,DE,Sports,"""ld9biNPKjAjgjV7EZ4EKeEGrhao/9GQMSRjrZdHeb1OEM1XVQ9zbGec"""
18,DE,Short Movies,"""ld9biNPKjAjgjV7EZ4EKeEGrhao/FJwVpGCVZ1yiJrqZbpqe68Sy_OE"""
19,DE,Travel & Events,"""ld9biNPKjAjgjV7EZ4EKeEGrhao/M-3iD9dwK7YJCafRf_DkLN8CouA"""
20,DE,Gaming,"""ld9biNPKjAjgjV7EZ4EKeEGrhao/WmA0qYEfjWsAoyJFSw2zinhn2wM"""
21,DE,Videoblogging,"""ld9biNPKjAjgjV7EZ4EKeEGrhao/EapFaGYG7K0StIXVf8aba249tdM"""
22,DE,People & Blogs,"""ld9biNPKjAjgjV7EZ4EKeEGrhao/xId8RX7vRN8rqkbYZbNIytUQDRo"""
23,DE,Comedy,"""ld9biNPKjAjgjV7EZ4EKeEGrhao/G9LHzQmx44rX2S5yaga_Aqtwz8M"""
24,DE,Entertainment,"""ld9biNPKjAjgjV7EZ4EKeEGrhao/UVB9oxX2Bvqa_w_y3vXSLVK5E_s"""
25,DE,News & Politics,"""ld9biNPKjAjgjV7EZ4EKeEGrhao/QiLK0ZIrFoORdk_g2l_XR_ECjDc"""
26,DE,Howto & Style,"""ld9biNPKjAjgjV7EZ4EKeEGrhao/r6Ck6Z0_L0rG37VJQR200SGNA_w"""
27,DE,Education,"""ld9biNPKjAjgjV7EZ4EKeEGrhao/EoYkczo9I3RCf96RveKTOgOPkUM"""
28,DE,Science & Technology,"""ld9biNPKjAjgjV7EZ4EKeEGrhao/w5HjcTD82G_XA3xBctS30zS-JpQ"""
30,DE,Movies,"""ld9biNPKjAjgjV7EZ4EKeEGrhao/lL7uWDr_071CHxifjYG1tJrp4Uo"""
31,DE,Anime/Animation,"""ld9biNPKjAjgjV7EZ4EKeEGrhao/WnuVfjO-PyFLO7NTRQIbrGE62nk"""
32,DE,Action/Adventure,"""ld9biNPKjAjgjV7EZ4EKeEGrhao/ctpH2hGA_UZ3volJT_FTlOg9M00"""
33,DE,Classics,"""ld9biNPKjAjgjV7EZ4EKeEGrhao/L0kR3-g1BAo5UD1PLVbQ7LkkDtQ"""
34,DE,Comedy,"""ld9biNPKjAjgjV7EZ4EKeEGrhao/pUZOAC_s9sfiwar639qr_wAB-aI"""
35,DE,Documentary,"""ld9biNPKjAjgjV7EZ4EKeEGrhao/Xb5JLhtyNRN3AQq021Ds-OV50Jk"""
36,DE,Drama,"""ld9biNPKjAjgjV7EZ4EKeEGrhao/u8WXzF4HIhtEi805__sqjuA4lEk"""
37,DE,Family,"""ld9biNPKjAjgjV7EZ4EKeEGrhao/D04PP4Gr7wc4IV_O9G66Z4A8KWQ"""
38,DE,Foreign,"""ld9biNPKjAjgjV7EZ4EKeEGrhao/i5-_AceGXQCEEMWU0V8CcQm_vLQ"""
39,DE,Horror,"""ld9biNPKjAjgjV7EZ4EKeEGrhao/rtlxd0zOixA9QHdIZB26-St5qgQ"""
40,DE,Sci-Fi/Fantasy,"""ld9biNPKjAjgjV7EZ4EKeEGrhao/N1TrDFLRppxZgBowCJfJCvh0Dpg"""
41,DE,Thriller,"""ld9biNPKjAjgjV7EZ4EKeEGrhao/7UMGi6zRySqXopr_rv4sZq6Za2E"""
42,DE,Shorts,"""ld9biNPKjAjgjV7EZ4EKeEGrhao/RScXhi324h8usyIetreAVb-uKeM"""
43,DE,Shows,"""ld9biNPKjAjgjV7EZ4EKeEGrhao/0n9MJVCDLpA8q7aiGVrFsuFsd0A"""
44,DE,Trailers,"""ld9biNPKjAjgjV7EZ4EKeEGrhao/x5NxSf5fz8hn4loSN4rvhwzD_pY"""
1,FR,Film & Animation,"""ld9biNPKjAjgjV7EZ4EKeEGrhao/Xy1mB4_yLrHy_BmKmPBggty2mZQ"""
2,FR,Autos & Vehicles,"""ld9biNPKjAjgjV7EZ4EKeEGrhao/UZ1oLIIz2dxIhO45ZTFR3a3NyTA"""
10,FR,Music,"""ld9biNPKjAjgjV7EZ4EKeEGrhao/nqRIq97-xe5XRZTxbknKFVe5Lmg"""
15,FR,Pets & Animals,"""ld9biNPKjAjgjV7EZ4EKeEGrhao/HwXKamM1Q20q9BN-oBJavSGkfDI"""
17,FR,Sports,"""ld9biNPKjAjgjV7EZ4EKeEGrhao/9GQMSRjrZdHeb1OEM1XVQ9zbGec"""
18,FR,Short Movies,"""ld9biNPKjAjgjV7EZ4EKeEGrhao/FJwVpGCVZ1yiJrqZbpqe68Sy_OE"""
19,FR,Travel & Events,"""ld9biNPKjAjgjV7EZ4EKeEGrhao/M-3iD9dwK7YJCafRf_DkLN8CouA"""
20,FR,Gaming,"""ld9biNPKjAjgjV7EZ4EKeEGrhao/WmA0qYEfjWsAoyJFSw2zinhn2wM"""
21,FR,Videoblogging,"""ld9biNPKjAjgjV7EZ4EKeEGrhao/EapFaGYG7K0StIXVf8aba249tdM"""
22,FR,People & Blogs,"""ld9biNPKjAjgjV7EZ4EKeEGrhao/xId8RX7vRN8rqkbYZbNIytUQDRo"""
23,FR,Comedy,"""ld9biNPKjAjgjV7EZ4EKeEGrhao/G9LHzQmx44rX2S5yaga_Aqtwz8M"""
24,FR,Entertainment,"""ld9biNPKjAjgjV7EZ4EKeEGrhao/UVB9oxX2Bvqa_w_y3vXSLVK5E_s"""
25,FR,News & Politics,"""ld9biNPKjAjgjV7EZ4EKeEGrhao/QiLK0ZIrFoORdk_g2l_XR_ECjDc"""
26,FR,Howto & Style,"""ld9biNPKjAjgjV7EZ4EKeEGrhao/r6Ck6Z0_L0rG37VJQR200SGNA_w"""
27,FR,Education,"""ld9biNPKjAjgjV7EZ4EKeEGrhao/EoYkczo9I3RCf96RveKTOgOPkUM"""
28,FR,Science & Technology,"""ld9biNPKjAjgjV7EZ4EKeEGrhao/w5HjcTD82G_XA3xBctS30zS-JpQ"""
30,FR,Movies,"""ld9biNPKjAjgjV7EZ4EKeEGrhao/lL7uWDr_071CHxifjYG1tJrp4Uo"""
31,FR,Anime/Animation,"""ld9biNPKjAjgjV7EZ4EKeEGrhao/WnuVfjO-PyFLO7NTRQIbrGE62nk"""
32,FR,Action/Adventure,"""ld9biNPKjAjgjV7EZ4EKeEGrhao/ctpH2hGA_UZ3volJT_FTlOg9M00"""
33,FR,Classics,"""ld9biNPKjAjgjV7EZ4EKeEGrhao/L0kR3-g1BAo5UD1PLVbQ7LkkDtQ"""
34,FR,Comedy,"""ld9biNPKjAjgjV7EZ4EKeEGrhao/pUZOAC_s9sfiwar639qr_wAB-aI"""
35,FR,Documentary,"""ld9biNPKjAjgjV7EZ4EKeEGrhao/Xb5JLhtyNRN3AQq021Ds-OV50Jk"""
36,FR,Drama,"""ld9biNPKjAjgjV7EZ4EKeEGrhao/u8WXzF4HIhtEi805__sqjuA4lEk"""
37,FR,Family,"""ld9biNPKjAjgjV7EZ4EKeEGrhao/D04PP4Gr7wc4IV_O9G66Z4A8KWQ"""
38,FR,Foreign,"""ld9biNPKjAjgjV7EZ4EKeEGrhao/i5-_AceGXQCEEMWU0V8CcQm_vLQ"""
39,FR,Horror,"""ld9biNPKjAjgjV7EZ4EKeEGrhao/rtlxd0zOixA9QHdIZB26-St5qgQ"""
40,FR,Sci-Fi/Fantasy,"""ld9biNPKjAjgjV7EZ4EKeEGrhao/N1TrDFLRppxZgBowCJfJCvh0Dpg"""
41,FR,Thriller,"""ld9biNPKjAjgjV7EZ4EKeEGrhao/7UMGi6zRySqXopr_rv4sZq6Za2E"""
42,FR,Shorts,"""ld9biNPKjAjgjV7EZ4EKeEGrhao/RScXhi324h8usyIetreAVb-uKeM"""
43,FR,Shows,"""ld9biNPKjAjgjV7EZ4EKeEGrhao/0n9MJVCDLpA8q7aiGVrFsuFsd0A"""
44,FR,Trailers,"""ld9biNPKjAjgjV7EZ4EKeEGrhao/x5NxSf5fz8hn4loSN4rvhwzD_pY"""
1,GB,Film & Animation,"""m2yskBQFythfE4irbTIeOgYYfBU/Xy1mB4_yLrHy_BmKmPBggty2mZQ"""
2,GB,Autos & Vehicles,"""m2yskBQFythfE4irbTIeOgYYfBU/UZ1oLIIz2dxIhO45ZTFR3a3NyTA"""
10,GB,Music,"""m2yskBQFythfE4irbTIeOgYYfBU/nqRIq97-xe5XRZTxbknKFVe5Lmg"""
15,GB,Pets & Animals,"""m2yskBQFythfE4irbTIeOgYYfBU/HwXKamM1Q20q9BN-oBJavSGkfDI"""
17,GB,Sports,"""m2yskBQFythfE4irbTIeOgYYfBU/9GQMSRjrZdHeb1OEM1XVQ9zbGec"""
18,GB,Short Movies,"""m2yskBQFythfE4irbTIeOgYYfBU/FJwVpGCVZ1yiJrqZbpqe68Sy_OE"""
19,GB,Travel & Events,"""m2yskBQFythfE4irbTIeOgYYfBU/M-3iD9dwK7YJCafRf_DkLN8CouA"""
20,GB,Gaming,"""m2yskBQFythfE4irbTIeOgYYfBU/WmA0qYEfjWsAoyJFSw2zinhn2wM"""
21,GB,Videoblogging,"""m2yskBQFythfE4irbTIeOgYYfBU/EapFaGYG7K0StIXVf8aba249tdM"""
22,GB,People & Blogs,"""m2yskBQFythfE4irbTIeOgYYfBU/xId8RX7vRN8rqkbYZbNIytUQDRo"""
23,GB,Comedy,"""m2yskBQFythfE4irbTIeOgYYfBU/G9LHzQmx44rX2S5yaga_Aqtwz8M"""
24,GB,Entertainment,"""m2yskBQFythfE4irbTIeOgYYfBU/UVB9oxX2Bvqa_w_y3vXSLVK5E_s"""
25,GB,News & Politics,"""m2yskBQFythfE4irbTIeOgYYfBU/QiLK0ZIrFoORdk_g2l_XR_ECjDc"""
26,GB,Howto & Style,"""m2yskBQFythfE4irbTIeOgYYfBU/r6Ck6Z0_L0rG37VJQR200SGNA_w"""
27,GB,Education,"""m2yskBQFythfE4irbTIeOgYYfBU/EoYkczo9I3RCf96RveKTOgOPkUM"""
28,GB,Science & Technology,"""m2yskBQFythfE4irbTIeOgYYfBU/w5HjcTD82G_XA3xBctS30zS-JpQ"""
30,GB,Movies,"""m2yskBQFythfE4irbTIeOgYYfBU/lL7uWDr_071CHxifjYG1tJrp4Uo"""
31,GB,Anime/Animation,"""m2yskBQFythfE4irbTIeOgYYfBU/WnuVfjO-PyFLO7NTRQIbrGE62nk"""
32,GB,Action/Adventure,"""m2yskBQFythfE4irbTIeOgYYfBU/ctpH2hGA_UZ3volJT_FTlOg9M00"""
33,GB,Classics,"""m2yskBQFythfE4irbTIeOgYYfBU/L0kR3-g1BAo5UD1PLVbQ7LkkDtQ"""
34,GB,Comedy,"""m2yskBQFythfE4irbTIeOgYYfBU/pUZOAC_s9sfiwar639qr_wAB-aI"""
35,GB,Documentary,"""m2yskBQFythfE4irbTIeOgYYfBU/Xb5JLhtyNRN3AQq021Ds-OV50Jk"""
36,GB,Drama,"""m2yskBQFythfE4irbTIeOgYYfBU/u8WXzF4HIhtEi805__sqjuA4lEk"""
37,GB,Family,"""m2yskBQFythfE4irbTIeOgYYfBU/D04PP4Gr7wc4IV_O9G66Z4A8KWQ"""
38,GB,Foreign,"""m2yskBQFythfE4irbTIeOgYYfBU/i5-_AceGXQCEEMWU0V8CcQm_vLQ"""
39,GB,Horror,"""m2yskBQFythfE4irbTIeOgYYfBU/rtlxd0zOixA9QHdIZB26-St5qgQ"""
40,GB,Sci-Fi/Fantasy,"""m2yskBQFythfE4irbTIeOgYYfBU/N1TrDFLRppxZgBowCJfJCvh0Dpg"""
41,GB,Thriller,"""m2yskBQFythfE4irbTIeOgYYfBU/7UMGi6zRySqXopr_rv4sZq6Za2E"""
42,GB,Shorts,"""m2yskBQFythfE4irbTIeOgYYfBU/RScXhi324h8usyIetreAVb-uKeM"""
43,GB,Shows,"""m2yskBQFythfE4irbTIeOgYYfBU/0n9MJVCDLpA8q7aiGVrFsuFsd0A"""
44,GB,Trailers,"""m2yskBQFythfE4irbTIeOgYYfBU/x5NxSf5fz8hn4loSN4rvhwzD_pY"""
1,IN,Film & Animation,"""XI7nbFXulYBIpL0ayR_gDh3eu1k/Xy1mB4_yLrHy_BmKmPBggty2mZQ"""
2,IN,Autos & Vehicles,"""XI7nbFXulYBIpL0ayR_gDh3eu1k/UZ1oLIIz2dxIhO45ZTFR3a3NyTA"""
10,IN,Music,"""XI7nbFXulYBIpL0ayR_gDh3eu1k/nqRIq97-xe5XRZTxbknKFVe5Lmg"""
15,IN,Pets & Animals,"""XI7nbFXulYBIpL0ayR_gDh3eu1k/HwXKamM1Q20q9BN-oBJavSGkfDI"""
17,IN,Sports,"""XI7nbFXulYBIpL0ayR_gDh3eu1k/9GQMSRjrZdHeb1OEM1XVQ9zbGec"""
18,IN,Short Movies,"""XI7nbFXulYBIpL0ayR_gDh3eu1k/FJwVpGCVZ1yiJrqZbpqe68Sy_OE"""
19,IN,Travel & Events,"""XI7nbFXulYBIpL0ayR_gDh3eu1k/M-3iD9dwK7YJCafRf_DkLN8CouA"""
20,IN,Gaming,"""XI7nbFXulYBIpL0ayR_gDh3eu1k/WmA0qYEfjWsAoyJFSw2zinhn2wM"""
21,IN,Videoblogging,"""XI7nbFXulYBIpL0ayR_gDh3eu1k/EapFaGYG7K0StIXVf8aba249tdM"""
22,IN,People & Blogs,"""XI7nbFXulYBIpL0ayR_gDh3eu1k/xId8RX7vRN8rqkbYZbNIytUQDRo"""
23,IN,Comedy,"""XI7nbFXulYBIpL0ayR_gDh3eu1k/G9LHzQmx44rX2S5yaga_Aqtwz8M"""
24,IN,Entertainment,"""XI7nbFXulYBIpL0ayR_gDh3eu1k/UVB9oxX2Bvqa_w_y3vXSLVK5E_s"""
25,IN,News & Politics,"""XI7nbFXulYBIpL0ayR_gDh3eu1k/QiLK0ZIrFoORdk_g2l_XR_ECjDc"""
26,IN,Howto & Style,"""XI7nbFXulYBIpL0ayR_gDh3eu1k/r6Ck6Z0_L0rG37VJQR200SGNA_w"""
27,IN,Education,"""XI7nbFXulYBIpL0ayR_gDh3eu1k/EoYkczo9I3RCf96RveKTOgOPkUM"""
28,IN,Science & Technology,"""XI7nbFXulYBIpL0ayR_gDh3eu1k/w5HjcTD82G_XA3xBctS30zS-JpQ"""
30,IN,Movies,"""XI7nbFXulYBIpL0ayR_gDh3eu1k/lL7uWDr_071CHxifjYG1tJrp4Uo"""
31,IN,Anime/Animation,"""XI7nbFXulYBIpL0ayR_gDh3eu1k/WnuVfjO-PyFLO7NTRQIbrGE62nk"""
32,IN,Action/Adventure,"""XI7nbFXulYBIpL0ayR_gDh3eu1k/ctpH2hGA_UZ3volJT_FTlOg9M00"""
33,IN,Classics,"""XI7nbFXulYBIpL0ayR_gDh3eu1k/L0kR3-g1BAo5UD1PLVbQ7LkkDtQ"""
34,IN,Comedy,"""XI7nbFXulYBIpL0ayR_gDh3eu1k/pUZOAC_s9sfiwar639qr_wAB-aI"""
35,IN,Documentary,"""XI7nbFXulYBIpL0ayR_gDh3eu1k/Xb5JLhtyNRN3AQq021Ds-OV50Jk"""
36,IN,Drama,"""XI7nbFXulYBIpL0ayR_gDh3eu1k/u8WXzF4HIhtEi805__sqjuA4lEk"""
37,IN,Family,"""XI7nbFXulYBIpL0ayR_gDh3eu1k/D04PP4Gr7wc4IV_O9G66Z4A8KWQ"""
38,IN,Foreign,"""XI7nbFXulYBIpL0ayR_gDh3eu1k/i5-_AceGXQCEEMWU0V8CcQm_vLQ"""
39,IN,Horror,"""XI7nbFXulYBIpL0ayR_gDh3eu1k/rtlxd0zOixA9QHdIZB26-St5qgQ"""
40,IN,Sci-Fi/Fantasy,"""XI7nbFXulYBIpL0ayR_gDh3eu1k/N1TrDFLRppxZgBowCJfJCvh0Dpg"""
41,IN,Thriller,"""XI7nbFXulYBIpL0ayR_gDh3eu1k/7UMGi6zRySqXopr_rv4sZq6Za2E"""
42,IN,Shorts,"""XI7nbFXulYBIpL0ayR_gDh3eu1k/RScXhi324h8usyIetreAVb-uKeM"""
43,IN,Shows,"""XI7nbFXulYBIpL0ayR_gDh3eu1k/0n9MJVCDLpA8q7aiGVrFsuFsd0A"""
44,IN,Trailers,"""XI7nbFXulYBIpL0ayR_gDh3eu1k/x5NxSf5fz8hn4loSN4rvhwzD_pY"""
1,JP,Film & Animation,"""XI7nbFXulYBIpL0ayR_gDh3eu1k/Xy1mB4_yLrHy_BmKmPBggty2mZQ"""
2,JP,Autos & Vehicles,"""XI7nbFXulYBIpL0ayR_gDh3eu1k/UZ1oLIIz2dxIhO45ZTFR3a3NyTA"""
10,JP,Music,"""XI7nbFXulYBIpL0ayR_gDh3eu1k/nqRIq97-xe5XRZTxbknKFVe5Lmg"""
15,JP,Pets & Animals,"""XI7nbFXulYBIpL0ayR_gDh3eu1k/HwXKamM1Q20q9BN-oBJavSGkfDI"""
17,JP,Sports,"""XI7nbFXulYBIpL0ayR_gDh3eu1k/9GQMSRjrZdHeb1OEM1XVQ9zbGec"""
18,JP,Short Movies,"""XI7nbFXulYBIpL0ayR_gDh3eu1k/FJwVpGCVZ1yiJrqZbpqe68Sy_OE"""
19,JP,Travel & Events,"""XI7nbFXulYBIpL0ayR_gDh3eu1k/M-3iD9dwK7YJCafRf_DkLN8CouA"""
20,JP,Gaming,"""XI7nbFXulYBIpL0ayR_gDh3eu1k/WmA0qYEfjWsAoyJFSw2zinhn2wM"""
21,JP,Videoblogging,"""XI7nbFXulYBIpL0ayR_gDh3eu1k/EapFaGYG7K0StIXVf8aba249tdM"""
22,JP,People & Blogs,"""XI7nbFXulYBIpL0ayR_gDh3eu1k/xId8RX7vRN8rqkbYZbNIytUQDRo"""
23,JP,Comedy,"""XI7nbFXulYBIpL0ayR_gDh3eu1k/G9LHzQmx44rX2S5yaga_Aqtwz8M"""
24,JP,Entertainment,"""XI7nbFXulYBIpL0ayR_gDh3eu1k/UVB9oxX2Bvqa_w_y3vXSLVK5E_s"""
25,JP,News & Politics,"""XI7nbFXulYBIpL0ayR_gDh3eu1k/QiLK0ZIrFoORdk_g2l_XR_ECjDc"""
26,JP,Howto & Style,"""XI7nbFXulYBIpL0ayR_gDh3eu1k/r6Ck6Z0_L0rG37VJQR200SGNA_w"""
27,JP,Education,"""XI7nbFXulYBIpL0ayR_gDh3eu1k/EoYkczo9I3RCf96RveKTOgOPkUM"""
28,JP,Science & Technology,"""XI7nbFXulYBIpL0ayR_gDh3eu1k/w5HjcTD82G_XA3xBctS30zS-JpQ"""
30,JP,Movies,"""XI7nbFXulYBIpL0ayR_gDh3eu1k/lL7uWDr_071CHxifjYG1tJrp4Uo"""
31,JP,Anime/Animation,"""XI7nbFXulYBIpL0ayR_gDh3eu1k/WnuVfjO-PyFLO7NTRQIbrGE62nk"""
32,JP,Action/Adventure,"""XI7nbFXulYBIpL0ayR_gDh3eu1k/ctpH2hGA_UZ3volJT_FTlOg9M00"""
33,JP,Classics,"""XI7nbFXulYBIpL0ayR_gDh3eu1k/L0kR3-g1BAo5UD1PLVbQ7LkkDtQ"""
34,JP,Comedy,"""XI7nbFXulYBIpL0ayR_gDh3eu1k/pUZOAC_s9sfiwar639qr_wAB-aI"""
35,JP,Documentary,"""XI7nbFXulYBIpL0ayR_gDh3eu1k/Xb5JLhtyNRN3AQq021Ds-OV50Jk"""
36,JP,Drama,"""XI7nbFXulYBIpL0ayR_gDh3eu1k/u8WXzF4HIhtEi805__sqjuA4lEk"""
37,JP,Family,"""XI7nbFXulYBIpL0ayR_gDh3eu1k/D04PP4Gr7wc4IV_O9G66Z4A8KWQ"""
38,JP,Foreign,"""XI7nbFXulYBIpL0ayR_gDh3eu1k/i5-_AceGXQCEEMWU0V8CcQm_vLQ"""
39,JP,Horror,"""XI7nbFXulYBIpL0ayR_gDh3eu1k/rtlxd0zOixA9QHdIZB26-St5qgQ"""
40,JP,Sci-Fi/Fantasy,"""XI7nbFXulYBIpL0ayR_gDh3eu1k/N1TrDFLRppxZgBowCJfJCvh0Dpg"""
41,JP,Thriller,"""XI7nbFXulYBIpL0ayR_gDh3eu1k/7UMGi6zRySqXopr_rv4sZq6Za2E"""
42,JP,Shorts,"""XI7nbFXulYBIpL0ayR_gDh3eu1k/RScXhi324h8usyIetreAVb-uKeM"""
43,JP,Shows,"""XI7nbFXulYBIpL0ayR_gDh3eu1k/0n9MJVCDLpA8q7aiGVrFsuFsd0A"""
44,JP,Trailers,"""XI7nbFXulYBIpL0ayR_gDh3eu1k/x5NxSf5fz8hn4loSN4rvhwzD_pY"""
1,KR,Film & Animation,"""XI7nbFXulYBIpL0ayR_gDh3eu1k/Xy1mB4_yLrHy_BmKmPBggty2mZQ"""
2,KR,Autos & Vehicles,"""XI7nbFXulYBIpL0ayR_gDh3eu1k/UZ1oLIIz2dxIhO45ZTFR3a3NyTA"""
10,KR,Music,"""XI7nbFXulYBIpL0ayR_gDh3eu1k/nqRIq97-xe5XRZTxbknKFVe5Lmg"""
15,KR,Pets & Animals,"""XI7nbFXulYBIpL0ayR_gDh3eu1k/HwXKamM1Q20q9BN-oBJavSGkfDI"""
17,KR,Sports,"""XI7nbFXulYBIpL0ayR_gDh3eu1k/9GQMSRjrZdHeb1OEM1XVQ9zbGec"""
18,KR,Short Movies,"""XI7nbFXulYBIpL0ayR_gDh3eu1k/FJwVpGCVZ1yiJrqZbpqe68Sy_OE"""
19,KR,Travel & Events,"""XI7nbFXulYBIpL0ayR_gDh3eu1k/M-3iD9dwK7YJCafRf_DkLN8CouA"""
20,KR,Gaming,"""XI7nbFXulYBIpL0ayR_gDh3eu1k/WmA0qYEfjWsAoyJFSw2zinhn2wM"""
21,KR,Videoblogging,"""XI7nbFXulYBIpL0ayR_gDh3eu1k/EapFaGYG7K0StIXVf8aba249tdM"""
22,KR,People & Blogs,"""XI7nbFXulYBIpL0ayR_gDh3eu1k/xId8RX7vRN8rqkbYZbNIytUQDRo"""
23,KR,Comedy,"""XI7nbFXulYBIpL0ayR_gDh3eu1k/G9LHzQmx44rX2S5yaga_Aqtwz8M"""
24,KR,Entertainment,"""XI7nbFXulYBIpL0ayR_gDh3eu1k/UVB9oxX2Bvqa_w_y3vXSLVK5E_s"""
25,KR,News & Politics,"""XI7nbFXulYBIpL0ayR_gDh3eu1k/QiLK0ZIrFoORdk_g2l_XR_ECjDc"""
26,KR,Howto & Style,"""XI7nbFXulYBIpL0ayR_gDh3eu1k/r6Ck6Z0_L0rG37VJQR200SGNA_w"""
27,KR,Education,"""XI7nbFXulYBIpL0ayR_gDh3eu1k/EoYkczo9I3RCf96RveKTOgOPkUM"""
28,KR,Science & Technology,"""XI7nbFXulYBIpL0ayR_gDh3eu1k/w5HjcTD82G_XA3xBctS30zS-JpQ"""
30,KR,Movies,"""XI7nbFXulYBIpL0ayR_gDh3eu1k/lL7uWDr_071CHxifjYG1tJrp4Uo"""
31,KR,Anime/Animation,"""XI7nbFXulYBIpL0ayR_gDh3eu1k/WnuVfjO-PyFLO7NTRQIbrGE62nk"""
32,KR,Action/Adventure,"""XI7nbFXulYBIpL0ayR_gDh3eu1k/ctpH2hGA_UZ3volJT_FTlOg9M00"""
33,KR,Classics,"""XI7nbFXulYBIpL0ayR_gDh3eu1k/L0kR3-g1BAo5UD1PLVbQ7LkkDtQ"""
34,KR,Comedy,"""XI7nbFXulYBIpL0ayR_gDh3eu1k/pUZOAC_s9sfiwar639qr_wAB-aI"""
35,KR,Documentary,"""XI7nbFXulYBIpL0ayR_gDh3eu1k/Xb5JLhtyNRN3AQq021Ds-OV50Jk"""
36,KR,Drama,"""XI7nbFXulYBIpL0ayR_gDh3eu1k/u8WXzF4HIhtEi805__sqjuA4lEk"""
37,KR,Family,"""XI7nbFXulYBIpL0ayR_gDh3eu1k/D04PP4Gr7wc4IV_O9G66Z4A8KWQ"""
38,KR,Foreign,"""XI7nbFXulYBIpL0ayR_gDh3eu1k/i5-_AceGXQCEEMWU0V8CcQm_vLQ"""
39,KR,Horror,"""XI7nbFXulYBIpL0ayR_gDh3eu1k/rtlxd0zOixA9QHdIZB26-St5qgQ"""
40,KR,Sci-Fi/Fantasy,"""XI7nbFXulYBIpL0ayR_gDh3eu1k/N1TrDFLRppxZgBowCJfJCvh0Dpg"""
41,KR,Thriller,"""XI7nbFXulYBIpL0ayR_gDh3eu1k/7UMGi6zRySqXopr_rv4sZq6Za2E"""
42,KR,Shorts,"""XI7nbFXulYBIpL0ayR_gDh3eu1k/RScXhi324h8usyIetreAVb-uKeM"""
43,KR,Shows,"""XI7nbFXulYBIpL0ayR_gDh3eu1k/0n9MJVCDLpA8q7aiGVrFsuFsd0A"""
44,KR,Trailers,"""XI7nbFXulYBIpL0ayR_gDh3eu1k/x5NxSf5fz8hn4loSN4rvhwzD_pY"""
1,MX,Film & Animation,"""XI7nbFXulYBIpL0ayR_gDh3eu1k/Xy1mB4_yLrHy_BmKmPBggty2mZQ"""
2,MX,Autos & Vehicles,"""XI7nbFXulYBIpL0ayR_gDh3eu1k/UZ1oLIIz2dxIhO45ZTFR3a3NyTA"""
10,MX,Music,"""XI7nbFXulYBIpL0ayR_gDh3eu1k/nqRIq97-xe5XRZTxbknKFVe5Lmg"""
15,MX,Pets & Animals,"""XI7nbFXulYBIpL0ayR_gDh3eu1k/HwXKamM1Q20q9BN-oBJavSGkfDI"""
17,MX,Sports,"""XI7nbFXulYBIpL0ayR_gDh3eu1k/9GQMSRjrZdHeb1OEM1XVQ9zbGec"""
18,MX,Short Movies,"""XI7nbFXulYBIpL0ayR_gDh3eu1k/FJwVpGCVZ1yiJrqZbpqe68Sy_OE"""
19,MX,Travel & Events,"""XI7nbFXulYBIpL0ayR_gDh3eu1k/M-3iD9dwK7YJCafRf_DkLN8CouA"""
20,MX,Gaming,"""XI7nbFXulYBIpL0ayR_gDh3eu1k/WmA0qYEfjWsAoyJFSw2zinhn2wM"""
21,MX,Videoblogging,"""XI7nbFXulYBIpL0ayR_gDh3eu1k/EapFaGYG7K0StIXVf8aba249tdM"""
22,MX,People & Blogs,"""XI7nbFXulYBIpL0ayR_gDh3eu1k/xId8RX7vRN8rqkbYZbNIytUQDRo"""
23,MX,Comedy,"""XI7nbFXulYBIpL0ayR_gDh3eu1k/G9LHzQmx44rX2S5yaga_Aqtwz8M"""
24,MX,Entertainment,"""XI7nbFXulYBIpL0ayR_gDh3eu1k/UVB9oxX2Bvqa_w_y3vXSLVK5E_s"""
25,MX,News & Politics,"""XI7nbFXulYBIpL0ayR_gDh3eu1k/QiLK0ZIrFoORdk_g2l_XR_ECjDc"""
26,MX,Howto & Style,"""XI7nbFXulYBIpL0ayR_gDh3eu1k/r6Ck6Z0_L0rG37VJQR200SGNA_w"""
27,MX,Education,"""XI7nbFXulYBIpL0ayR_gDh3eu1k/EoYkczo9I3RCf96RveKTOgOPkUM"""
28,MX,Science & Technology,"""XI7nbFXulYBIpL0ayR_gDh3eu1k/w5HjcTD82G_XA3xBctS30zS-JpQ"""
30,MX,Movies,"""XI7nbFXulYBIpL0ayR_gDh3eu1k/lL7uWDr_071CHxifjYG1tJrp4Uo"""
31,MX,Anime/Animation,"""XI7nbFXulYBIpL0ayR_gDh3eu1k/WnuVfjO-PyFLO7NTRQIbrGE62nk"""
32,MX,Action/Adventure,"""XI7nbFXulYBIpL0ayR_gDh3eu1k/ctpH2hGA_UZ3volJT_FTlOg9M00"""
33,MX,Classics,"""XI7nbFXulYBIpL0ayR_gDh3eu1k/L0kR3-g1BAo5UD1PLVbQ7LkkDtQ"""
34,MX,Comedy,"""XI7nbFXulYBIpL0ayR_gDh3eu1k/pUZOAC_s9sfiwar639qr_wAB-aI"""
35,MX,Documentary,"""XI7nbFXulYBIpL0ayR_gDh3eu1k/Xb5JLhtyNRN3AQq021Ds-OV50Jk"""
36,MX,Drama,"""XI7nbFXulYBIpL0ayR_gDh3eu1k/u8WXzF4HIhtEi805__sqjuA4lEk"""
37,MX,Family,"""XI7nbFXulYBIpL0ayR_gDh3eu1k/D04PP4Gr7wc4IV_O9G66Z4A8KWQ"""
38,MX,Foreign,"""XI7nbFXulYBIpL0ayR_gDh3eu1k/i5-_AceGXQCEEMWU0V8CcQm_vLQ"""
39,MX,Horror,"""XI7nbFXulYBIpL0ayR_gDh3eu1k/rtlxd0zOixA9QHdIZB26-St5qgQ"""
40,MX,Sci-Fi/Fantasy,"""XI7nbFXulYBIpL0ayR_gDh3eu1k/N1TrDFLRppxZgBowCJfJCvh0Dpg"""
41,MX,Thriller,"""XI7nbFXulYBIpL0ayR_gDh3eu1k/7UMGi6zRySqXopr_rv4sZq6Za2E"""
42,MX,Shorts,"""XI7nbFXulYBIpL0ayR_gDh3eu1k/RScXhi324h8usyIetreAVb-uKeM"""
43,MX,Shows,"""XI7nbFXulYBIpL0ayR_gDh3eu1k/0n9MJVCDLpA8q7aiGVrFsuFsd0A"""
44,MX,Trailers,"""XI7nbFXulYBIpL0ayR_gDh3eu1k/x5NxSf5fz8hn4loSN4rvhwzD_pY"""
1,RU,Film & Animation,"""XI7nbFXulYBIpL0ayR_gDh3eu1k/Xy1mB4_yLrHy_BmKmPBggty2mZQ"""
2,RU,Autos & Vehicles,"""XI7nbFXulYBIpL0ayR_gDh3eu1k/UZ1oLIIz2dxIhO45ZTFR3a3NyTA"""
10,RU,Music,"""XI7nbFXulYBIpL0ayR_gDh3eu1k/nqRIq97-xe5XRZTxbknKFVe5Lmg"""
15,RU,Pets & Animals,"""XI7nbFXulYBIpL0ayR_gDh3eu1k/HwXKamM1Q20q9BN-oBJavSGkfDI"""
17,RU,Sports,"""XI7nbFXulYBIpL0ayR_gDh3eu1k/9GQMSRjrZdHeb1OEM1XVQ9zbGec"""
18,RU,Short Movies,"""XI7nbFXulYBIpL0ayR_gDh3eu1k/FJwVpGCVZ1yiJrqZbpqe68Sy_OE"""
19,RU,Travel & Events,"""XI7nbFXulYBIpL0ayR_gDh3eu1k/M-3iD9dwK7YJCafRf_DkLN8CouA"""
20,RU,Gaming,"""XI7nbFXulYBIpL0ayR_gDh3eu1k/WmA0qYEfjWsAoyJFSw2zinhn2wM"""
21,RU,Videoblogging,"""XI7nbFXulYBIpL0ayR_gDh3eu1k/EapFaGYG7K0StIXVf8aba249tdM"""
22,RU,People & Blogs,"""XI7nbFXulYBIpL0ayR_gDh3eu1k/xId8RX7vRN8rqkbYZbNIytUQDRo"""
23,RU,Comedy,"""XI7nbFXulYBIpL0ayR_gDh3eu1k/G9LHzQmx44rX2S5yaga_Aqtwz8M"""
24,RU,Entertainment,"""XI7nbFXulYBIpL0ayR_gDh3eu1k/UVB9oxX2Bvqa_w_y3vXSLVK5E_s"""
25,RU,News & Politics,"""XI7nbFXulYBIpL0ayR_gDh3eu1k/QiLK0ZIrFoORdk_g2l_XR_ECjDc"""
26,RU,Howto & Style,"""XI7nbFXulYBIpL0ayR_gDh3eu1k/r6Ck6Z0_L0rG37VJQR200SGNA_w"""
27,RU,Education,"""XI7nbFXulYBIpL0ayR_gDh3eu1k/EoYkczo9I3RCf96RveKTOgOPkUM"""
28,RU,Science & Technology,"""XI7nbFXulYBIpL0ayR_gDh3eu1k/w5HjcTD82G_XA3xBctS30zS-JpQ"""
30,RU,Movies,"""XI7nbFXulYBIpL0ayR_gDh3eu1k/lL7uWDr_071CHxifjYG1tJrp4Uo"""
31,RU,Anime/Animation,"""XI7nbFXulYBIpL0ayR_gDh3eu1k/WnuVfjO-PyFLO7NTRQIbrGE62nk"""
32,RU,Action/Adventure,"""XI7nbFXulYBIpL0ayR_gDh3eu1k/ctpH2hGA_UZ3volJT_FTlOg9M00"""
33,RU,Classics,"""XI7nbFXulYBIpL0ayR_gDh3eu1k/L0kR3-g1BAo5UD1PLVbQ7LkkDtQ"""
34,RU,Comedy,"""XI7nbFXulYBIpL0ayR_gDh3eu1k/pUZOAC_s9sfiwar639qr_wAB-aI"""
35,RU,Documentary,"""XI7nbFXulYBIpL0ayR_gDh3eu1k/Xb5JLhtyNRN3AQq021Ds-OV50Jk"""
36,RU,Drama,"""XI7nbFXulYBIpL0ayR_gDh3eu1k/u8WXzF4HIhtEi805__sqjuA4lEk"""
37,RU,Family,"""XI7nbFXulYBIpL0ayR_gDh3eu1k/D04PP4Gr7wc4IV_O9G66Z4A8KWQ"""
38,RU,Foreign,"""XI7nbFXulYBIpL0ayR_gDh3eu1k/i5-_AceGXQCEEMWU0V8CcQm_vLQ"""
39,RU,Horror,"""XI7nbFXulYBIpL0ayR_gDh3eu1k/rtlxd0zOixA9QHdIZB26-St5qgQ"""
40,RU,Sci-Fi/Fantasy,"""XI7nbFXulYBIpL0ayR_gDh3eu1k/N1TrDFLRppxZgBowCJfJCvh0Dpg"""
41,RU,Thriller,"""XI7nbFXulYBIpL0ayR_gDh3eu1k/7UMGi6zRySqXopr_rv4sZq6Za2E"""
42,RU,Shorts,"""XI7nbFXulYBIpL0ayR_gDh3eu1k/RScXhi324h8usyIetreAVb-uKeM"""
43,RU,Shows,"""XI7nbFXulYBIpL0ayR_gDh3eu1k/0n9MJVCDLpA8q7aiGVrFsuFsd0A"""
44,RU,Trailers,"""XI7nbFXulYBIpL0ayR_gDh3eu1k/x5NxSf5fz8hn4loSN4rvhwzD_pY"""
1,US,Film & Animation,"""m2yskBQFythfE4irbTIeOgYYfBU/Xy1mB4_yLrHy_BmKmPBggty2mZQ"""
2,US,Autos & Vehicles,"""m2yskBQFythfE4irbTIeOgYYfBU/UZ1oLIIz2dxIhO45ZTFR3a3NyTA"""
10,US,Music,"""m2yskBQFythfE4irbTIeOgYYfBU/nqRIq97-xe5XRZTxbknKFVe5Lmg"""
15,US,Pets & Animals,"""m2yskBQFythfE4irbTIeOgYYfBU/HwXKamM1Q20q9BN-oBJavSGkfDI"""
17,US,Sports,"""m2yskBQFythfE4irbTIeOgYYfBU/9GQMSRjrZdHeb1OEM1XVQ9zbGec"""
18,US,Short Movies,"""m2yskBQFythfE4irbTIeOgYYfBU/FJwVpGCVZ1yiJrqZbpqe68Sy_OE"""
19,US,Travel & Events,"""m2yskBQFythfE4irbTIeOgYYfBU/M-3iD9dwK7YJCafRf_DkLN8CouA"""
20,US,Gaming,"""m2yskBQFythfE4irbTIeOgYYfBU/WmA0qYEfjWsAoyJFSw2zinhn2wM"""
21,US,Videoblogging,"""m2yskBQFythfE4irbTIeOgYYfBU/EapFaGYG7K0StIXVf8aba249tdM"""
22,US,People & Blogs,"""m2yskBQFythfE4irbTIeOgYYfBU/xId8RX7vRN8rqkbYZbNIytUQDRo"""
23,US,Comedy,"""m2yskBQFythfE4irbTIeOgYYfBU/G9LHzQmx44rX2S5yaga_Aqtwz8M"""
24,US,Entertainment,"""m2yskBQFythfE4irbTIeOgYYfBU/UVB9oxX2Bvqa_w_y3vXSLVK5E_s"""
25,US,News & Politics,"""m2yskBQFythfE4irbTIeOgYYfBU/QiLK0ZIrFoORdk_g2l_XR_ECjDc"""
26,US,Howto & Style,"""m2yskBQFythfE4irbTIeOgYYfBU/r6Ck6Z0_L0rG37VJQR200SGNA_w"""
27,US,Education,"""m2yskBQFythfE4irbTIeOgYYfBU/EoYkczo9I3RCf96RveKTOgOPkUM"""
28,US,Science & Technology,"""m2yskBQFythfE4irbTIeOgYYfBU/w5HjcTD82G_XA3xBctS30zS-JpQ"""
29,US,Nonprofits & Activism,"""m2yskBQFythfE4irbTIeOgYYfBU/SalkJoBWq_smSEqiAx_qyri6Wa8"""
30,US,Movies,"""m2yskBQFythfE4irbTIeOgYYfBU/lL7uWDr_071CHxifjYG1tJrp4Uo"""
31,US,Anime/Animation,"""m2yskBQFythfE4irbTIeOgYYfBU/WnuVfjO-PyFLO7NTRQIbrGE62nk"""
32,US,Action/Adventure,"""m2yskBQFythfE4irbTIeOgYYfBU/ctpH2hGA_UZ3volJT_FTlOg9M00"""
33,US,Classics,"""m2yskBQFythfE4irbTIeOgYYfBU/L0kR3-g1BAo5UD1PLVbQ7LkkDtQ"""
34,US,Comedy,"""m2yskBQFythfE4irbTIeOgYYfBU/pUZOAC_s9sfiwar639qr_wAB-aI"""
35,US,Documentary,"""m2yskBQFythfE4irbTIeOgYYfBU/Xb5JLhtyNRN3AQq021Ds-OV50Jk"""
36,US,Drama,"""m2yskBQFythfE4irbTIeOgYYfBU/u8WXzF4HIhtEi805__sqjuA4lEk"""
37,US,Family,"""m2yskBQFythfE4irbTIeOgYYfBU/D04PP4Gr7wc4IV_O9G66Z4A8KWQ"""
38,US,Foreign,"""m2yskBQFythfE4irbTIeOgYYfBU/i5-_AceGXQCEEMWU0V8CcQm_vLQ"""
39,US,Horror,"""m2yskBQFythfE4irbTIeOgYYfBU/rtlxd0zOixA9QHdIZB26-St5qgQ"""
40,US,Sci-Fi/Fantasy,"""m2yskBQFythfE4irbTIeOgYYfBU/N1TrDFLRppxZgBowCJfJCvh0Dpg"""
41,US,Thriller,"""m2yskBQFythfE4irbTIeOgYYfBU/7UMGi6zRySqXopr_rv4sZq6Za2E"""
42,US,Shorts,"""m2yskBQFythfE4irbTIeOgYYfBU/RScXhi324h8usyIetreAVb-uKeM"""
43,US,Shows,"""m2yskBQFythfE4irbTIeOgYYfBU/0n9MJVCDLpA8q7aiGVrFsuFsd0A"""
44,US,Trailers,"""m2yskBQFythfE4irbTIeOgYYfBU/x5NxSf5fz8hn4loSN4rvhwzD_pY"""
